filename	name	sn	area
C:\WORK\JKI\HS_BAK_2025\BAK028.FIN	1-Hexanol, 2-ethyl- _userJKI	37	99450561
C:\WORK\JKI\HS_BAK_2025\BAK029.FIN	1-Hexanol, 2-ethyl- _userJKI	41	158244977
C:\WORK\JKI\HS_BAK_2025\BAK030.FIN	1-Hexanol, 2-ethyl- _userJKI	37	98780837
C:\WORK\JKI\HS_BAK_2025\BAK031.FIN	1-Hexanol, 2-ethyl- _userJKI	33	97962855
C:\WORK\JKI\HS_BAK_2025\BAK032.FIN	1-Hexanol, 2-ethyl- _userJKI	31	78178887
C:\WORK\JKI\HS_BAK_2025\BAK036.FIN	1-Hexanol, 2-ethyl- _userJKI	35	128567607
C:\WORK\JKI\HS_BAK_2025\BAK037.FIN	1-Hexanol, 2-ethyl- _userJKI	44	181958887
C:\WORK\JKI\HS_BAK_2025\BAK038.FIN	1-Hexanol, 2-ethyl- _userJKI	62	281217104
C:\WORK\JKI\HS_BAK_2025\BAK039.FIN	1-Hexanol, 2-ethyl- _userJKI	54	212138865
C:\WORK\JKI\HS_BAK_2025\BAK040.FIN	1-Hexanol, 2-ethyl- _userJKI	61	313820640
C:\WORK\JKI\HS_BAK_2025\BAK041.FIN	1-Hexanol, 2-ethyl- _userJKI	70	371963006
C:\WORK\JKI\HS_BAK_2025\BAK042.FIN	1-Hexanol, 2-ethyl- _userJKI	45	120984560
C:\WORK\JKI\HS_BAK_2025\BAK043.FIN	1-Hexanol, 2-ethyl- _userJKI	42	89153239
C:\WORK\JKI\HS_BAK_2025\BAK050.FIN	1-Hexanol, 2-ethyl- _userJKI	25	41040567
C:\WORK\JKI\HS_BAK_2025\BAK051.FIN	1-Hexanol, 2-ethyl- _userJKI	32	63193961
C:\WORK\JKI\HS_BAK_2025\BAK052.FIN	1-Hexanol, 2-ethyl- _userJKI	37	69286050
C:\WORK\JKI\HS_BAK_2025\BAK028.FIN	1-Pentene, 2,4,4-trimethyl-	103	1104343963
C:\WORK\JKI\HS_BAK_2025\BAK029.FIN	1-Pentene, 2,4,4-trimethyl-	107	1225251476
C:\WORK\JKI\HS_BAK_2025\BAK030.FIN	1-Pentene, 2,4,4-trimethyl-	110	1137344285
C:\WORK\JKI\HS_BAK_2025\BAK031.FIN	1-Pentene, 2,4,4-trimethyl-	88	789597487
C:\WORK\JKI\HS_BAK_2025\BAK032.FIN	1-Pentene, 2,4,4-trimethyl-	117	1467695262
C:\WORK\JKI\HS_BAK_2025\BAK033.FIN	1-Pentene, 2,4,4-trimethyl-	147	2453440900
C:\WORK\JKI\HS_BAK_2025\BAK034.FIN	1-Pentene, 2,4,4-trimethyl-	112	1135789390
C:\WORK\JKI\HS_BAK_2025\BAK046.FIN	1-Pentene, 2,4,4-trimethyl-	83	727817919
C:\WORK\JKI\HS_BAK_2025\BAK047.FIN	1-Pentene, 2,4,4-trimethyl-	95	610433693
C:\WORK\JKI\HS_BAK_2025\BAK048.FIN	1-Pentene, 2,4,4-trimethyl-	103	968121724
C:\WORK\JKI\HS_BAK_2025\BAK051.FIN	1-Pentene, 2,4,4-trimethyl-	86	868016460
C:\WORK\JKI\HS_BAK_2025\BAK029.FIN	2-Decanone	98	985841023
C:\WORK\JKI\HS_BAK_2025\BAK031.FIN	2-Decanone	81	697069199
C:\WORK\JKI\HS_BAK_2025\BAK038.FIN	2-Decanone	115	1178312344
C:\WORK\JKI\HS_BAK_2025\BAK040.FIN	2-Decanone	114	1327881313
C:\WORK\JKI\HS_BAK_2025\BAK041.FIN	2-Decanone	194	3499233302
C:\WORK\JKI\HS_BAK_2025\BAK046.FIN	2-Decanone	75	548065493
C:\WORK\JKI\HS_BAK_2025\BAK047.FIN	2-Decanone	98	779645959
C:\WORK\JKI\HS_BAK_2025\BAK049.FIN	2-Decanone	82	431341971
C:\WORK\JKI\HS_BAK_2025\BAK027.FIN	2-Decanone	72	605590382
C:\WORK\JKI\HS_BAK_2025\BAK029.FIN	2-Heptanone -userJKI	66	462292601
C:\WORK\JKI\HS_BAK_2025\BAK031.FIN	2-Heptanone -userJKI	69	475119369
C:\WORK\JKI\HS_BAK_2025\BAK038.FIN	2-Heptanone -userJKI	61	326657027
C:\WORK\JKI\HS_BAK_2025\BAK040.FIN	2-Heptanone -userJKI	57	306988649
C:\WORK\JKI\HS_BAK_2025\BAK041.FIN	2-Heptanone -userJKI	84	685922005
C:\WORK\JKI\HS_BAK_2025\BAK046.FIN	2-Heptanone -userJKI	69	442979915
C:\WORK\JKI\HS_BAK_2025\BAK047.FIN	2-Heptanone -userJKI	84	471623924
C:\WORK\JKI\HS_BAK_2025\BAK049.FIN	2-Heptanone -userJKI	76	450535381
C:\WORK\JKI\HS_BAK_2025\BAK050.FIN	2-Heptanone -userJKI	24	30890925
C:\WORK\JKI\HS_BAK_2025\BAK027.FIN	2-Heptanone -userJKI	61	394036526
C:\WORK\JKI\HS_BAK_2025\BAK029.FIN	2-Heptanone, 6-methyl-	89	761166540
C:\WORK\JKI\HS_BAK_2025\BAK031.FIN	2-Heptanone, 6-methyl-	94	824625594
C:\WORK\JKI\HS_BAK_2025\BAK038.FIN	2-Heptanone, 6-methyl-	68	393647818
C:\WORK\JKI\HS_BAK_2025\BAK040.FIN	2-Heptanone, 6-methyl-	63	417524308
C:\WORK\JKI\HS_BAK_2025\BAK041.FIN	2-Heptanone, 6-methyl-	103	1021819523
C:\WORK\JKI\HS_BAK_2025\BAK046.FIN	2-Heptanone, 6-methyl-	105	948345774
C:\WORK\JKI\HS_BAK_2025\BAK047.FIN	2-Heptanone, 6-methyl-	121	1030016009
C:\WORK\JKI\HS_BAK_2025\BAK048.FIN	2-Heptanone, 6-methyl-	42	132111266
C:\WORK\JKI\HS_BAK_2025\BAK049.FIN	2-Heptanone, 6-methyl-	120	1069046748
C:\WORK\JKI\HS_BAK_2025\BAK050.FIN	2-Heptanone, 6-methyl-	37	147353029
C:\WORK\JKI\HS_BAK_2025\BAK027.FIN	2-Heptanone, 6-methyl-	83	727273009
C:\WORK\JKI\HS_BAK_2025\BAK028.FIN	2-methyl-1-Butanol_userJKI	419	13974036551
C:\WORK\JKI\HS_BAK_2025\BAK029.FIN	2-methyl-1-Butanol_userJKI	250	6179160222
C:\WORK\JKI\HS_BAK_2025\BAK030.FIN	2-methyl-1-Butanol_userJKI	427	14965991530
C:\WORK\JKI\HS_BAK_2025\BAK031.FIN	2-methyl-1-Butanol_userJKI	246	5855013531
C:\WORK\JKI\HS_BAK_2025\BAK032.FIN	2-methyl-1-Butanol_userJKI	148	1131043194
C:\WORK\JKI\HS_BAK_2025\BAK033.FIN	2-methyl-1-Butanol_userJKI	75	408308506
C:\WORK\JKI\HS_BAK_2025\BAK034.FIN	2-methyl-1-Butanol_userJKI	104	542214724
C:\WORK\JKI\HS_BAK_2025\BAK036.FIN	2-methyl-1-Butanol_userJKI	385	13584135231
C:\WORK\JKI\HS_BAK_2025\BAK037.FIN	2-methyl-1-Butanol_userJKI	472	22492150656
C:\WORK\JKI\HS_BAK_2025\BAK038.FIN	2-methyl-1-Butanol_userJKI	356	11049895895
C:\WORK\JKI\HS_BAK_2025\BAK039.FIN	2-methyl-1-Butanol_userJKI	423	12612990082
C:\WORK\JKI\HS_BAK_2025\BAK040.FIN	2-methyl-1-Butanol_userJKI	341	11277036369
C:\WORK\JKI\HS_BAK_2025\BAK041.FIN	2-methyl-1-Butanol_userJKI	370	12710090640
C:\WORK\JKI\HS_BAK_2025\BAK042.FIN	2-methyl-1-Butanol_userJKI	71	694074381
C:\WORK\JKI\HS_BAK_2025\BAK046.FIN	2-methyl-1-Butanol_userJKI	146	1986489265
C:\WORK\JKI\HS_BAK_2025\BAK047.FIN	2-methyl-1-Butanol_userJKI	181	2391046545
C:\WORK\JKI\HS_BAK_2025\BAK048.FIN	2-methyl-1-Butanol_userJKI	172	1332370927
C:\WORK\JKI\HS_BAK_2025\BAK049.FIN	2-methyl-1-Butanol_userJKI	173	2236991376
C:\WORK\JKI\HS_BAK_2025\BAK050.FIN	2-methyl-1-Butanol_userJKI	244	5476246407
C:\WORK\JKI\HS_BAK_2025\BAK051.FIN	2-methyl-1-Butanol_userJKI	57	285025576
C:\WORK\JKI\HS_BAK_2025\BAK027.FIN	2-methyl-1-Butanol_userJKI	190	3714423300
C:\WORK\JKI\HS_BAK_2025\BAK029.FIN	2-Nonanone	67	371801690
C:\WORK\JKI\HS_BAK_2025\BAK031.FIN	2-Nonanone	59	229284024
C:\WORK\JKI\HS_BAK_2025\BAK038.FIN	2-Nonanone	109	889343762
C:\WORK\JKI\HS_BAK_2025\BAK039.FIN	2-Nonanone	28	46424914
C:\WORK\JKI\HS_BAK_2025\BAK040.FIN	2-Nonanone	106	967180666
C:\WORK\JKI\HS_BAK_2025\BAK041.FIN	2-Nonanone	166	2170949183
C:\WORK\JKI\HS_BAK_2025\BAK042.FIN	2-Nonanone	31	81873315
C:\WORK\JKI\HS_BAK_2025\BAK046.FIN	2-Nonanone	48	168547605
C:\WORK\JKI\HS_BAK_2025\BAK047.FIN	2-Nonanone	58	231942528
C:\WORK\JKI\HS_BAK_2025\BAK049.FIN	2-Nonanone	51	162746197
C:\WORK\JKI\HS_BAK_2025\BAK027.FIN	2-Nonanone	48	216094623
C:\WORK\JKI\HS_BAK_2025\BAK040.FIN	2-Tetradecanone	40	164745217
C:\WORK\JKI\HS_BAK_2025\BAK041.FIN	2-Tetradecanone	43	182137278
C:\WORK\JKI\HS_BAK_2025\BAK047.FIN	2-Tetradecanone	38	134826773
C:\WORK\JKI\HS_BAK_2025\BAK049.FIN	2-Tetradecanone	38	136354713
C:\WORK\JKI\HS_BAK_2025\BAK033.FIN	3-Furaldehyde	53	247950407
C:\WORK\JKI\HS_BAK_2025\BAK034.FIN	3-Furaldehyde	58	267644107
C:\WORK\JKI\HS_BAK_2025\BAK042.FIN	3-Furaldehyde	55	270192856
C:\WORK\JKI\HS_BAK_2025\BAK043.FIN	3-Furaldehyde	59	226168637
C:\WORK\JKI\HS_BAK_2025\BAK051.FIN	3-Furaldehyde	45	197524929
C:\WORK\JKI\HS_BAK_2025\BAK052.FIN	3-Furaldehyde	48	131031746
C:\WORK\JKI\HS_BAK_2025\BAK038.FIN	Acetophenone	24	41006399
C:\WORK\JKI\HS_BAK_2025\BAK041.FIN	Acetophenone	23	34425930
C:\WORK\JKI\HS_BAK_2025\BAK027.FIN	Acetophenone	22	43653080
C:\WORK\JKI\HS_BAK_2025\BAK033.FIN	Benzaldehyd_userJKI	209	3956062995
C:\WORK\JKI\HS_BAK_2025\BAK034.FIN	Benzaldehyd_userJKI	228	4232251265
C:\WORK\JKI\HS_BAK_2025\BAK036.FIN	Benzaldehyd_userJKI	24	31124288
C:\WORK\JKI\HS_BAK_2025\BAK038.FIN	Benzaldehyd_userJKI	28	48203654
C:\WORK\JKI\HS_BAK_2025\BAK039.FIN	Benzaldehyd_userJKI	38	110873229
C:\WORK\JKI\HS_BAK_2025\BAK042.FIN	Benzaldehyd_userJKI	205	3822854672
C:\WORK\JKI\HS_BAK_2025\BAK043.FIN	Benzaldehyd_userJKI	223	3973323288
C:\WORK\JKI\HS_BAK_2025\BAK051.FIN	Benzaldehyd_userJKI	172	2799346153
C:\WORK\JKI\HS_BAK_2025\BAK052.FIN	Benzaldehyd_userJKI	180	2771054756
C:\WORK\JKI\HS_BAK_2025\BAK046.FIN	Cyclopentanone	59	152657808
C:\WORK\JKI\HS_BAK_2025\BAK047.FIN	Cyclopentanone	63	225262799
C:\WORK\JKI\HS_BAK_2025\BAK048.FIN	Cyclopentanone	59	185818613
C:\WORK\JKI\HS_BAK_2025\BAK049.FIN	Cyclopentanone	62	244093142
C:\WORK\JKI\HS_BAK_2025\BAK050.FIN	Cyclopentanone	53	228892334
C:\WORK\JKI\HS_BAK_2025\BAK051.FIN	Cyclopentanone	56	229254003
C:\WORK\JKI\HS_BAK_2025\BAK052.FIN	Cyclopentanone	58	228174345
C:\WORK\JKI\HS_BAK_2025\BAK042.FIN	Decane	39	120062620
C:\WORK\JKI\HS_BAK_2025\BAK043.FIN	Decane	45	137397213
C:\WORK\JKI\HS_BAK_2025\BAK052.FIN	Decane	26	51039479
C:\WORK\JKI\HS_BAK_2025\BAK046.FIN	Furan, 2-methoxy-	56	237214470
C:\WORK\JKI\HS_BAK_2025\BAK047.FIN	Furan, 2-methoxy-	67	288421934
C:\WORK\JKI\HS_BAK_2025\BAK048.FIN	Furan, 2-methoxy-	60	252176015
C:\WORK\JKI\HS_BAK_2025\BAK049.FIN	Furan, 2-methoxy-	56	214631214
C:\WORK\JKI\HS_BAK_2025\BAK050.FIN	Furan, 2-methoxy-	53	246436687
C:\WORK\JKI\HS_BAK_2025\BAK051.FIN	Furan, 2-methoxy-	67	393535224
C:\WORK\JKI\HS_BAK_2025\BAK052.FIN	Furan, 2-methoxy-	70	367424864
C:\WORK\JKI\HS_BAK_2025\BAK029.FIN	n-Dodecan_userJKI	26	60671497
C:\WORK\JKI\HS_BAK_2025\BAK033.FIN	n-Dodecan_userJKI	75	439700579
C:\WORK\JKI\HS_BAK_2025\BAK034.FIN	n-Dodecan_userJKI	81	581076186
C:\WORK\JKI\HS_BAK_2025\BAK037.FIN	n-Dodecan_userJKI	20	29479513
C:\WORK\JKI\HS_BAK_2025\BAK038.FIN	n-Dodecan_userJKI	33	91652043
C:\WORK\JKI\HS_BAK_2025\BAK040.FIN	n-Dodecan_userJKI	30	92228048
C:\WORK\JKI\HS_BAK_2025\BAK041.FIN	n-Dodecan_userJKI	33	91141700
C:\WORK\JKI\HS_BAK_2025\BAK042.FIN	n-Dodecan_userJKI	88	708227976
C:\WORK\JKI\HS_BAK_2025\BAK043.FIN	n-Dodecan_userJKI	100	845496553
C:\WORK\JKI\HS_BAK_2025\BAK047.FIN	n-Dodecan_userJKI	31	73878012
C:\WORK\JKI\HS_BAK_2025\BAK049.FIN	n-Dodecan_userJKI	37	104358507
C:\WORK\JKI\HS_BAK_2025\BAK051.FIN	n-Dodecan_userJKI	72	519820378
C:\WORK\JKI\HS_BAK_2025\BAK052.FIN	n-Dodecan_userJKI	75	490707340
C:\WORK\JKI\HS_BAK_2025\BAK048.FIN	p-Xylen - userJKI	40	97301652
C:\WORK\JKI\HS_BAK_2025\BAK051.FIN	p-Xylen - userJKI	40	146541742
C:\WORK\JKI\HS_BAK_2025\BAK033.FIN	Phenylacetaldehyd_userJKI	36	86783528
C:\WORK\JKI\HS_BAK_2025\BAK034.FIN	Phenylacetaldehyd_userJKI	54	228210761
C:\WORK\JKI\HS_BAK_2025\BAK042.FIN	Phenylacetaldehyd_userJKI	47	152939616
C:\WORK\JKI\HS_BAK_2025\BAK043.FIN	Phenylacetaldehyd_userJKI	60	265081751
C:\WORK\JKI\HS_BAK_2025\BAK051.FIN	Phenylacetaldehyd_userJKI	36	117540360
C:\WORK\JKI\HS_BAK_2025\BAK052.FIN	Phenylacetaldehyd_userJKI	49	176717319
C:\WORK\JKI\HS_BAK_2025\BAK028.FIN	Pyrazine_RI 1052	54	229009446
C:\WORK\JKI\HS_BAK_2025\BAK029.FIN	Pyrazine_RI 1052	59	268194983
C:\WORK\JKI\HS_BAK_2025\BAK030.FIN	Pyrazine_RI 1052	53	248244582
C:\WORK\JKI\HS_BAK_2025\BAK031.FIN	Pyrazine_RI 1052	54	233164092
C:\WORK\JKI\HS_BAK_2025\BAK032.FIN	Pyrazine_RI 1052	53	281000290
C:\WORK\JKI\HS_BAK_2025\BAK036.FIN	Pyrazine_RI 1052	23	53081158
C:\WORK\JKI\HS_BAK_2025\BAK038.FIN	Pyrazine_RI 1052	41	116795793
C:\WORK\JKI\HS_BAK_2025\BAK039.FIN	Pyrazine_RI 1052	29	60376354
C:\WORK\JKI\HS_BAK_2025\BAK040.FIN	Pyrazine_RI 1052	41	138070181
C:\WORK\JKI\HS_BAK_2025\BAK041.FIN	Pyrazine_RI 1052	50	159630162
C:\WORK\JKI\HS_BAK_2025\BAK046.FIN	Pyrazine_RI 1052	56	228432240
C:\WORK\JKI\HS_BAK_2025\BAK047.FIN	Pyrazine_RI 1052	68	280379189
C:\WORK\JKI\HS_BAK_2025\BAK048.FIN	Pyrazine_RI 1052	60	262095257
C:\WORK\JKI\HS_BAK_2025\BAK049.FIN	Pyrazine_RI 1052	66	255789129
C:\WORK\JKI\HS_BAK_2025\BAK050.FIN	Pyrazine_RI 1052	50	214518575
C:\WORK\JKI\HS_BAK_2025\BAK028.FIN	Pyrazine_RI: 1172	21	38977435
C:\WORK\JKI\HS_BAK_2025\BAK031.FIN	Pyrazine_RI: 1172	22	23969463
C:\WORK\JKI\HS_BAK_2025\BAK032.FIN	Pyrazine_RI: 1172	28	72060422
C:\WORK\JKI\HS_BAK_2025\BAK050.FIN	Pyrazine_RI: 1172	21	22443153
C:\WORK\JKI\HS_BAK_2025\BAK028.FIN	Pyrazine_RI=1058	30	25673670
C:\WORK\JKI\HS_BAK_2025\BAK029.FIN	Pyrazine_RI=1058	82	573227809
C:\WORK\JKI\HS_BAK_2025\BAK030.FIN	Pyrazine_RI=1058	35	88429385
C:\WORK\JKI\HS_BAK_2025\BAK031.FIN	Pyrazine_RI=1058	81	522246562
C:\WORK\JKI\HS_BAK_2025\BAK032.FIN	Pyrazine_RI=1058	34	103381575
C:\WORK\JKI\HS_BAK_2025\BAK038.FIN	Pyrazine_RI=1058	54	226492091
C:\WORK\JKI\HS_BAK_2025\BAK040.FIN	Pyrazine_RI=1058	46	188865088
C:\WORK\JKI\HS_BAK_2025\BAK041.FIN	Pyrazine_RI=1058	70	319738371
C:\WORK\JKI\HS_BAK_2025\BAK046.FIN	Pyrazine_RI=1058	94	520503634
C:\WORK\JKI\HS_BAK_2025\BAK047.FIN	Pyrazine_RI=1058	106	725575700
C:\WORK\JKI\HS_BAK_2025\BAK048.FIN	Pyrazine_RI=1058	46	142984938
C:\WORK\JKI\HS_BAK_2025\BAK049.FIN	Pyrazine_RI=1058	101	646156919
C:\WORK\JKI\HS_BAK_2025\BAK050.FIN	Pyrazine_RI=1058	39	137222868
C:\WORK\JKI\HS_BAK_2025\BAK028.FIN	Pyrazine, 2,5-dimethyl-	33	36951667
C:\WORK\JKI\HS_BAK_2025\BAK029.FIN	Pyrazine, 2,5-dimethyl-	34	59971632
C:\WORK\JKI\HS_BAK_2025\BAK030.FIN	Pyrazine, 2,5-dimethyl-	32	53105744
C:\WORK\JKI\HS_BAK_2025\BAK031.FIN	Pyrazine, 2,5-dimethyl-	29	49359487
C:\WORK\JKI\HS_BAK_2025\BAK032.FIN	Pyrazine, 2,5-dimethyl-	33	54370658
C:\WORK\JKI\HS_BAK_2025\BAK040.FIN	Pyrazine, 2,5-dimethyl-	19	33389620
C:\WORK\JKI\HS_BAK_2025\BAK046.FIN	Pyrazine, 2,5-dimethyl-	35	101346727
C:\WORK\JKI\HS_BAK_2025\BAK047.FIN	Pyrazine, 2,5-dimethyl-	38	79217723
C:\WORK\JKI\HS_BAK_2025\BAK048.FIN	Pyrazine, 2,5-dimethyl-	39	116786699
C:\WORK\JKI\HS_BAK_2025\BAK049.FIN	Pyrazine, 2,5-dimethyl-	43	121610054
C:\WORK\JKI\HS_BAK_2025\BAK050.FIN	Pyrazine, 2,5-dimethyl-	37	184857790
C:\WORK\JKI\HS_BAK_2025\BAK027.FIN	Pyrazine, 2,5-dimethyl-	22	35247871
C:\WORK\JKI\HS_BAK_2025\BAK027.FIN	Pyrazine_RI 1052	41	148232379
C:\WORK\JKI\HS_BAK_2025\BAK027.FIN	Pyrazine_RI=1058	58	337153609
C:\WORK\JKI\HS_BAK_2025\BAK028.FIN	RI=1003.0_Silox	102	739488117
C:\WORK\JKI\HS_BAK_2025\BAK029.FIN	RI=1003.0_Silox	116	1200316739
C:\WORK\JKI\HS_BAK_2025\BAK030.FIN	RI=1003.0_Silox	108	821258453
C:\WORK\JKI\HS_BAK_2025\BAK031.FIN	RI=1003.0_Silox	98	863906797
C:\WORK\JKI\HS_BAK_2025\BAK032.FIN	RI=1003.0_Silox	106	914277769
C:\WORK\JKI\HS_BAK_2025\BAK033.FIN	RI=1003.0_Silox	128	1278788800
C:\WORK\JKI\HS_BAK_2025\BAK034.FIN	RI=1003.0_Silox	135	1111738554
C:\WORK\JKI\HS_BAK_2025\BAK036.FIN	RI=1003.0_Silox	102	936674177
C:\WORK\JKI\HS_BAK_2025\BAK037.FIN	RI=1003.0_Silox	113	939185515
C:\WORK\JKI\HS_BAK_2025\BAK038.FIN	RI=1003.0_Silox	109	914708130
C:\WORK\JKI\HS_BAK_2025\BAK039.FIN	RI=1003.0_Silox	118	1024127405
C:\WORK\JKI\HS_BAK_2025\BAK040.FIN	RI=1003.0_Silox	102	909352935
C:\WORK\JKI\HS_BAK_2025\BAK041.FIN	RI=1003.0_Silox	127	1331681276
C:\WORK\JKI\HS_BAK_2025\BAK042.FIN	RI=1003.0_Silox	125	1334769483
C:\WORK\JKI\HS_BAK_2025\BAK043.FIN	RI=1003.0_Silox	129	1174948958
C:\WORK\JKI\HS_BAK_2025\BAK046.FIN	RI=1003.0_Silox	95	713711737
C:\WORK\JKI\HS_BAK_2025\BAK047.FIN	RI=1003.0_Silox	105	720868916
C:\WORK\JKI\HS_BAK_2025\BAK048.FIN	RI=1003.0_Silox	147	1465690552
C:\WORK\JKI\HS_BAK_2025\BAK049.FIN	RI=1003.0_Silox	112	851717542
C:\WORK\JKI\HS_BAK_2025\BAK050.FIN	RI=1003.0_Silox	88	631693766
C:\WORK\JKI\HS_BAK_2025\BAK051.FIN	RI=1003.0_Silox	108	905115716
C:\WORK\JKI\HS_BAK_2025\BAK052.FIN	RI=1003.0_Silox	114	1020298399
C:\WORK\JKI\HS_BAK_2025\BAK027.FIN	RI=1003.0_Silox	98	891466234
C:\WORK\JKI\HS_BAK_2025\BAK028.FIN	RI=1076.5_Silox	62	275598910
C:\WORK\JKI\HS_BAK_2025\BAK029.FIN	RI=1076.5_Silox	84	604935694
C:\WORK\JKI\HS_BAK_2025\BAK030.FIN	RI=1076.5_Silox	80	459707611
C:\WORK\JKI\HS_BAK_2025\BAK031.FIN	RI=1076.5_Silox	71	420733947
C:\WORK\JKI\HS_BAK_2025\BAK032.FIN	RI=1076.5_Silox	75	449539467
C:\WORK\JKI\HS_BAK_2025\BAK033.FIN	RI=1076.5_Silox	92	672927387
C:\WORK\JKI\HS_BAK_2025\BAK034.FIN	RI=1076.5_Silox	95	666075881
C:\WORK\JKI\HS_BAK_2025\BAK046.FIN	RI=1076.5_Silox	64	324547639
C:\WORK\JKI\HS_BAK_2025\BAK047.FIN	RI=1076.5_Silox	76	381974360
C:\WORK\JKI\HS_BAK_2025\BAK048.FIN	RI=1076.5_Silox	78	407622589
C:\WORK\JKI\HS_BAK_2025\BAK051.FIN	RI=1076.5_Silox	77	469074815
C:\WORK\JKI\HS_BAK_2025\BAK046.FIN	RI=1115.5, unknown	29	58074812
C:\WORK\JKI\HS_BAK_2025\BAK047.FIN	RI=1115.5, unknown	33	58160796
C:\WORK\JKI\HS_BAK_2025\BAK048.FIN	RI=1115.5, unknown	33	61203459
C:\WORK\JKI\HS_BAK_2025\BAK049.FIN	RI=1115.5, unknown	35	75987197
C:\WORK\JKI\HS_BAK_2025\BAK050.FIN	RI=1115.5, unknown	30	65973735
C:\WORK\JKI\HS_BAK_2025\BAK051.FIN	RI=1115.5, unknown	30	73871448
C:\WORK\JKI\HS_BAK_2025\BAK052.FIN	RI=1115.5, unknown	31	73814124
C:\WORK\JKI\HS_BAK_2025\BAK033.FIN	RI=1162.7_Silox	38	107377212
C:\WORK\JKI\HS_BAK_2025\BAK034.FIN	RI=1162.7_Silox	39	110726860
C:\WORK\JKI\HS_BAK_2025\BAK036.FIN	RI=1162.7_Silox	52	336489764
C:\WORK\JKI\HS_BAK_2025\BAK037.FIN	RI=1162.7_Silox	64	407099603
C:\WORK\JKI\HS_BAK_2025\BAK038.FIN	RI=1162.7_Silox	65	366153003
C:\WORK\JKI\HS_BAK_2025\BAK040.FIN	RI=1162.7_Silox	65	395787150
C:\WORK\JKI\HS_BAK_2025\BAK041.FIN	RI=1162.7_Silox	75	525263884
C:\WORK\JKI\HS_BAK_2025\BAK042.FIN	RI=1162.7_Silox	76	523948700
C:\WORK\JKI\HS_BAK_2025\BAK043.FIN	RI=1162.7_Silox	77	527085110
C:\WORK\JKI\HS_BAK_2025\BAK049.FIN	RI=1162.7_Silox	64	323815695
C:\WORK\JKI\HS_BAK_2025\BAK050.FIN	RI=1162.7_Silox	54	331220981
C:\WORK\JKI\HS_BAK_2025\BAK051.FIN	RI=1162.7_Silox	36	115289274
C:\WORK\JKI\HS_BAK_2025\BAK052.FIN	RI=1162.7_Silox	64	393450921
C:\WORK\JKI\HS_BAK_2025\BAK027.FIN	RI=1162.7_Silox	54	324432018
C:\WORK\JKI\HS_BAK_2025\BAK031.FIN	RI=1170.2 Dodecanol?	29	60130639
C:\WORK\JKI\HS_BAK_2025\BAK033.FIN	RI=1170.2 Dodecanol?	31	73005172
C:\WORK\JKI\HS_BAK_2025\BAK034.FIN	RI=1170.2 Dodecanol?	36	87934006
C:\WORK\JKI\HS_BAK_2025\BAK046.FIN	RI=1170.2 Dodecanol?	35	96084680
C:\WORK\JKI\HS_BAK_2025\BAK047.FIN	RI=1170.2 Dodecanol?	42	97084050
C:\WORK\JKI\HS_BAK_2025\BAK048.FIN	RI=1170.2 Dodecanol?	46	127354415
C:\WORK\JKI\HS_BAK_2025\BAK051.FIN	RI=1170.2 Dodecanol?	29	72992775
C:\WORK\JKI\HS_BAK_2025\BAK028.FIN	RI=1232.2, unknown	47	126064842
C:\WORK\JKI\HS_BAK_2025\BAK029.FIN	RI=1232.2, unknown	33	109192019
C:\WORK\JKI\HS_BAK_2025\BAK030.FIN	RI=1232.2, unknown	47	179245006
C:\WORK\JKI\HS_BAK_2025\BAK031.FIN	RI=1232.2, unknown	34	95070124
C:\WORK\JKI\HS_BAK_2025\BAK032.FIN	RI=1232.2, unknown	44	171420178
C:\WORK\JKI\HS_BAK_2025\BAK046.FIN	RI=1232.2, unknown	31	56060664
C:\WORK\JKI\HS_BAK_2025\BAK047.FIN	RI=1232.2, unknown	51	174766142
C:\WORK\JKI\HS_BAK_2025\BAK048.FIN	RI=1232.2, unknown	56	226767716
C:\WORK\JKI\HS_BAK_2025\BAK049.FIN	RI=1232.2, unknown	36	99067828
C:\WORK\JKI\HS_BAK_2025\BAK050.FIN	RI=1232.2, unknown	44	178517924
C:\WORK\JKI\HS_BAK_2025\BAK029.FIN	RI=1294.9,  Undecanone?	49	214563395
C:\WORK\JKI\HS_BAK_2025\BAK031.FIN	RI=1294.9,  Undecanone?	37	157296187
C:\WORK\JKI\HS_BAK_2025\BAK038.FIN	RI=1294.9,  Undecanone?	89	615506077
C:\WORK\JKI\HS_BAK_2025\BAK040.FIN	RI=1294.9,  Undecanone?	95	807437804
C:\WORK\JKI\HS_BAK_2025\BAK041.FIN	RI=1294.9,  Undecanone?	119	1225430348
C:\WORK\JKI\HS_BAK_2025\BAK042.FIN	RI=1294.9,  Undecanone?	32	78454187
C:\WORK\JKI\HS_BAK_2025\BAK046.FIN	RI=1294.9,  Undecanone?	34	112201269
C:\WORK\JKI\HS_BAK_2025\BAK047.FIN	RI=1294.9,  Undecanone?	47	181301420
C:\WORK\JKI\HS_BAK_2025\BAK049.FIN	RI=1294.9,  Undecanone?	37	108000082
C:\WORK\JKI\HS_BAK_2025\BAK027.FIN	RI=1294.9,  Undecanone?	30	100790664
C:\WORK\JKI\HS_BAK_2025\BAK039.FIN	RI=1336.1_Silox	29	64899686
C:\WORK\JKI\HS_BAK_2025\BAK043.FIN	RI=1336.1_Silox	35	105389282
C:\WORK\JKI\HS_BAK_2025\BAK049.FIN	RI=1336.1_Silox	20	28440853
C:\WORK\JKI\HS_BAK_2025\BAK029.FIN	RI=1359.7 2-dodecanone?	80	637171952
C:\WORK\JKI\HS_BAK_2025\BAK031.FIN	RI=1359.7 2-dodecanone?	64	464593459
C:\WORK\JKI\HS_BAK_2025\BAK032.FIN	RI=1359.7 2-dodecanone?	33	79905587
C:\WORK\JKI\HS_BAK_2025\BAK038.FIN	RI=1359.7 2-dodecanone?	115	1120108019
C:\WORK\JKI\HS_BAK_2025\BAK039.FIN	RI=1359.7 2-dodecanone?	43	189498708
C:\WORK\JKI\HS_BAK_2025\BAK040.FIN	RI=1359.7 2-dodecanone?	113	1197198771
C:\WORK\JKI\HS_BAK_2025\BAK041.FIN	RI=1359.7 2-dodecanone?	169	2785819839
C:\WORK\JKI\HS_BAK_2025\BAK046.FIN	RI=1359.7 2-dodecanone?	72	486522125
C:\WORK\JKI\HS_BAK_2025\BAK047.FIN	RI=1359.7 2-dodecanone?	93	783451009
C:\WORK\JKI\HS_BAK_2025\BAK048.FIN	RI=1359.7 2-dodecanone?	45	206639298
C:\WORK\JKI\HS_BAK_2025\BAK049.FIN	RI=1359.7 2-dodecanone?	87	546313663
C:\WORK\JKI\HS_BAK_2025\BAK050.FIN	RI=1359.7 2-dodecanone?	48	230343538
C:\WORK\JKI\HS_BAK_2025\BAK042.FIN	RI=1359.7 2-dodecanone?	59	389887863
C:\WORK\JKI\HS_BAK_2025\BAK027.FIN	RI=1359.7 2-dodecanone?	50	328610059
C:\WORK\JKI\HS_BAK_2025\BAK034.FIN	RI=1401.0_unknown acid?	50	156287801
C:\WORK\JKI\HS_BAK_2025\BAK042.FIN	RI=1401.0_unknown acid?	34	52172700
C:\WORK\JKI\HS_BAK_2025\BAK051.FIN	RI=1401.0_unknown acid?	36	83551409
C:\WORK\JKI\HS_BAK_2025\BAK052.FIN	RI=1401.0_unknown acid?	36	116535876
C:\WORK\JKI\HS_BAK_2025\BAK029.FIN	RI=1472.5_unknown	23	67084477
C:\WORK\JKI\HS_BAK_2025\BAK038.FIN	RI=1472.5_unknown	54	287915507
C:\WORK\JKI\HS_BAK_2025\BAK040.FIN	RI=1472.5_unknown	62	390199489
C:\WORK\JKI\HS_BAK_2025\BAK041.FIN	RI=1472.5_unknown	85	669192889
C:\WORK\JKI\HS_BAK_2025\BAK039.FIN	RI=1600.7_unknown	34	97085621
C:\WORK\JKI\HS_BAK_2025\BAK042.FIN	RI=1600.7_unknown	58	309124473
C:\WORK\JKI\HS_BAK_2025\BAK043.FIN	RI=1600.7_unknown	43	147893194
C:\WORK\JKI\HS_BAK_2025\BAK051.FIN	RI=1600.7_unknown	43	182595217
C:\WORK\JKI\HS_BAK_2025\BAK052.FIN	RI=1600.7_unknown	44	144757937
C:\WORK\JKI\HS_BAK_2025\BAK028.FIN	RI=850.7_Silox	114	1006301601
C:\WORK\JKI\HS_BAK_2025\BAK029.FIN	RI=850.7_Silox	130	1694093850
C:\WORK\JKI\HS_BAK_2025\BAK030.FIN	RI=850.7_Silox	121	1264823751
C:\WORK\JKI\HS_BAK_2025\BAK031.FIN	RI=850.7_Silox	114	1306297860
C:\WORK\JKI\HS_BAK_2025\BAK032.FIN	RI=850.7_Silox	115	1235357574
C:\WORK\JKI\HS_BAK_2025\BAK033.FIN	RI=850.7_Silox	130	1458616857
C:\WORK\JKI\HS_BAK_2025\BAK034.FIN	RI=850.7_Silox	128	1334002725
C:\WORK\JKI\HS_BAK_2025\BAK036.FIN	RI=850.7_Silox	53	144365223
C:\WORK\JKI\HS_BAK_2025\BAK037.FIN	RI=850.7_Silox	60	221911389
C:\WORK\JKI\HS_BAK_2025\BAK038.FIN	RI=850.7_Silox	67	285274161
C:\WORK\JKI\HS_BAK_2025\BAK039.FIN	RI=850.7_Silox	62	268134110
C:\WORK\JKI\HS_BAK_2025\BAK040.FIN	RI=850.7_Silox	64	380575995
C:\WORK\JKI\HS_BAK_2025\BAK041.FIN	RI=850.7_Silox	67	390071813
C:\WORK\JKI\HS_BAK_2025\BAK042.FIN	RI=850.7_Silox	68	318877293
C:\WORK\JKI\HS_BAK_2025\BAK043.FIN	RI=850.7_Silox	69	368371217
C:\WORK\JKI\HS_BAK_2025\BAK046.FIN	RI=850.7_Silox	104	978886884
C:\WORK\JKI\HS_BAK_2025\BAK047.FIN	RI=850.7_Silox	101	436705157
C:\WORK\JKI\HS_BAK_2025\BAK048.FIN	RI=850.7_Silox	85	522951241
C:\WORK\JKI\HS_BAK_2025\BAK049.FIN	RI=850.7_Silox	62	293138642
C:\WORK\JKI\HS_BAK_2025\BAK050.FIN	RI=850.7_Silox	58	234800627
C:\WORK\JKI\HS_BAK_2025\BAK051.FIN	RI=850.7_Silox	105	1046899611
C:\WORK\JKI\HS_BAK_2025\BAK052.FIN	RI=850.7_Silox	65	349808564
C:\WORK\JKI\HS_BAK_2025\BAK027.FIN	RI=850.7_Silox	53	257848681
C:\WORK\JKI\HS_BAK_2025\BAK028.FIN	RI=875.1 unknown	57	179759279
C:\WORK\JKI\HS_BAK_2025\BAK029.FIN	RI=875.1 unknown	47	122314769
C:\WORK\JKI\HS_BAK_2025\BAK030.FIN	RI=875.1 unknown	55	178600956
C:\WORK\JKI\HS_BAK_2025\BAK031.FIN	RI=875.1 unknown	35	59637506
C:\WORK\JKI\HS_BAK_2025\BAK032.FIN	RI=875.1 unknown	65	282481275
C:\WORK\JKI\HS_BAK_2025\BAK033.FIN	RI=875.1 unknown	78	368996514
C:\WORK\JKI\HS_BAK_2025\BAK034.FIN	RI=875.1 unknown	44	92875719
C:\WORK\JKI\HS_BAK_2025\BAK046.FIN	RI=875.1 unknown	43	102766584
C:\WORK\JKI\HS_BAK_2025\BAK047.FIN	RI=875.1 unknown	43	108872996
C:\WORK\JKI\HS_BAK_2025\BAK048.FIN	RI=875.1 unknown	55	183053693
C:\WORK\JKI\HS_BAK_2025\BAK051.FIN	RI=875.1 unknown	42	114399403
C:\WORK\JKI\HS_BAK_2025\BAK028.FIN	RI=883.6_unknown	38	91387840
C:\WORK\JKI\HS_BAK_2025\BAK029.FIN	RI=883.6_unknown	44	186749523
C:\WORK\JKI\HS_BAK_2025\BAK030.FIN	RI=883.6_unknown	44	142260903
C:\WORK\JKI\HS_BAK_2025\BAK031.FIN	RI=883.6_unknown	49	241164298
C:\WORK\JKI\HS_BAK_2025\BAK032.FIN	RI=883.6_unknown	37	96582960
C:\WORK\JKI\HS_BAK_2025\BAK047.FIN	RI=883.6_unknown	53	233914419
C:\WORK\JKI\HS_BAK_2025\BAK048.FIN	RI=883.6_unknown	64	321943793
C:\WORK\JKI\HS_BAK_2025\BAK051.FIN	RI=883.6_unknown	56	359797743
C:\WORK\JKI\HS_BAK_2025\BAK028.FIN	RI=912.9_Silox	48	131677200
C:\WORK\JKI\HS_BAK_2025\BAK029.FIN	RI=912.9_Silox	64	332688823
C:\WORK\JKI\HS_BAK_2025\BAK030.FIN	RI=912.9_Silox	60	210788109
C:\WORK\JKI\HS_BAK_2025\BAK031.FIN	RI=912.9_Silox	64	313621873
C:\WORK\JKI\HS_BAK_2025\BAK032.FIN	RI=912.9_Silox	57	210096912
C:\WORK\JKI\HS_BAK_2025\BAK033.FIN	RI=912.9_Silox	68	361560215
C:\WORK\JKI\HS_BAK_2025\BAK034.FIN	RI=912.9_Silox	70	310977366
C:\WORK\JKI\HS_BAK_2025\BAK046.FIN	RI=912.9_Silox	58	198722182
C:\WORK\JKI\HS_BAK_2025\BAK047.FIN	RI=912.9_Silox	64	266102089
C:\WORK\JKI\HS_BAK_2025\BAK051.FIN	RI=912.9_Silox	39	28003119
C:\WORK\JKI\HS_BAK_2025\BAK028.FIN	RI=930.6_unknown	51	118369897
C:\WORK\JKI\HS_BAK_2025\BAK029.FIN	RI=930.6_unknown	41	78265666
C:\WORK\JKI\HS_BAK_2025\BAK030.FIN	RI=930.6_unknown	38	67906489
C:\WORK\JKI\HS_BAK_2025\BAK031.FIN	RI=930.6_unknown	33	54908880
C:\WORK\JKI\HS_BAK_2025\BAK032.FIN	RI=930.6_unknown	33	58095170
C:\WORK\JKI\HS_BAK_2025\BAK033.FIN	RI=930.6_unknown	32	47259522
C:\WORK\JKI\HS_BAK_2025\BAK034.FIN	RI=930.6_unknown	33	42451640
C:\WORK\JKI\HS_BAK_2025\BAK027.FIN	RI=930.6_unknown	51	143235802
C:\WORK\JKI\HS_BAK_2025\BAK028.FIN	RI=949.4_unkonwn	53	179226738
C:\WORK\JKI\HS_BAK_2025\BAK029.FIN	RI=949.4_unkonwn	64	401097689
C:\WORK\JKI\HS_BAK_2025\BAK030.FIN	RI=949.4_unkonwn	61	331998458
C:\WORK\JKI\HS_BAK_2025\BAK031.FIN	RI=949.4_unkonwn	49	206932565
C:\WORK\JKI\HS_BAK_2025\BAK032.FIN	RI=949.4_unkonwn	68	389383389
C:\WORK\JKI\HS_BAK_2025\BAK033.FIN	RI=949.4_unkonwn	97	813540697
C:\WORK\JKI\HS_BAK_2025\BAK034.FIN	RI=949.4_unkonwn	80	521800824
C:\WORK\JKI\HS_BAK_2025\BAK046.FIN	RI=949.4_unkonwn	44	165514173
C:\WORK\JKI\HS_BAK_2025\BAK047.FIN	RI=949.4_unkonwn	52	190993751
C:\WORK\JKI\HS_BAK_2025\BAK048.FIN	RI=949.4_unkonwn	58	257446600
C:\WORK\JKI\HS_BAK_2025\BAK051.FIN	RI=949.4_unkonwn	60	203380408
C:\WORK\JKI\HS_BAK_2025\BAK040.FIN	RI=969.6_Silox	21	22344003
C:\WORK\JKI\HS_BAK_2025\BAK046.FIN	RI=969.6_Silox	32	70153798
C:\WORK\JKI\HS_BAK_2025\BAK047.FIN	RI=969.6_Silox	35	68593392
C:\WORK\JKI\HS_BAK_2025\BAK048.FIN	RI=969.6_Silox	28	52243072
C:\WORK\JKI\HS_BAK_2025\BAK049.FIN	RI=969.6_Silox	33	58859010
C:\WORK\JKI\HS_BAK_2025\BAK050.FIN	RI=969.6_Silox	23	45387825
C:\WORK\JKI\HS_BAK_2025\BAK033.FIN	xylene?	36	82301678
C:\WORK\JKI\HS_BAK_2025\BAK034.FIN	xylene?	55	205366077
C:\WORK\JKI\HS_BAK_2025\BAK046.FIN	xylene?	49	220901288
